,Hue,Saturation,like_rate
0,0.14950246199029688,0.682825119464835,0.15573207514713394
1,0.42256515646091547,0.6591049327166492,0.16666417401565967
2,0.24242091066960797,0.5439237541887297,0.14782133367529185
3,0.611565250964937,0.6972911681809817,0.2583101838877561
4,0.527047921435568,0.6944041770149271,0.19807885683819296
5,0.4600915035181923,0.5656683152912266,0.3998007337770851
6,0.34678231122638253,0.4047356245580806,0.3188620587691408
7,0.29008233942225325,0.44330152814152135,0.33405253496180465
8,0.5624778992801456,0.5300719727489266,0.2445787277504609
9,0.49146695994160344,0.5656226697444728,0.27608236571316935
10,0.26911940264958223,0.38324971482074216,0.14309128966225382
11,0.256113410658641,0.5937450798603929,0.25306158605131523
12,0.33201798963729023,0.1844740349493375,0.09965320749586788
13,0.31061908717529674,0.47281377100557115,0.12642055632959143
14,0.25482556327970785,0.4256405684546551,0.09844161175771186
15,0.45310988998441915,0.12969611722350513,0.12613688414637178
16,0.11184813429452584,0.08134244362640626,0.05511633415960983
17,0.5378256431293461,0.1496094333578895,0.12370244756955508
18,0.41471941211659724,0.15885546877331946,0.12397734189748782
19,0.4606928671681116,0.3377930500018866,0.10583431625395298
20,0.11893607083459591,0.39698391567580205,0.1096811634514562
21,0.47656243252191605,0.4184608242519961,0.16837987655487432
22,0.403564651998813,0.6125495252355644,0.4605287804958346
23,0.5071474415021314,0.24382523190193545,0.12294018898326924
24,0.09505696867651622,0.764085055980479,0.135096072837795
25,0.14325082341877513,0.19757251064388232,0.14808076695512887
26,0.46955180208960384,0.23813733032706563,0.09089285882133866
27,0.47471360684749364,0.5332886965303133,0.21864327694204438
28,0.4393975472147305,0.37798189114013436,0.11327752687197382
29,0.6118995711435083,0.1053973310644356,0.0767185206443443
30,0.10998517179134684,0.30645910764936224,0.11495002735132637
31,0.3348708082362327,0.176324767202073,0.08662900611984063
32,0.6820099305180944,0.424668020036302,0.1333319545047525
33,0.3500999134951411,0.2485813213224164,0.09269215208785492
34,0.2039154639750942,0.07577463938320762,0.08851682992173486
35,0.1472267756957268,0.1458000392748668,0.08678623095317801
36,0.5712196738182548,0.11791161720805718,0.046602252634021714
37,0.6481768714594193,0.2710501044949473,0.13003981872727038
38,0.19011006186876034,0.5228223322262427,0.35686185893568134
39,0.15304373328926646,0.11792539120455163,0.21681312335237068
40,0.4044377976615811,0.570954744755341,0.3933692924590706
41,0.3293585910373776,0.043287103298893875,0.1960451880260183
42,0.24574037108630267,0.33198917145998313,0.07057479238546216
43,0.2959687043464627,0.20514427417254735,0.08738485951146546
44,0.1284849363478572,0.3322842887149056,0.07667316705522106
45,0.4590772209770632,0.09512992867713362,0.10541045326264266
46,0.6607269906675557,0.26343295306600645,0.07460686236283576
47,0.32663618204151035,0.1212445818433751,0.13762705291932162
48,0.5889329025655504,0.45618243244268886,0.11956096058236852
49,0.6465601933149542,0.3497447436129361,0.17055852670754862
50,0.5339944402291137,0.8332458797276195,0.19941953131036033
51,0.4461100795375402,0.22781296851156654,0.16360752487048946
52,0.38516472426105486,0.3578658976932356,0.2008168751448547
53,0.13569906199605786,0.02839157995294263,0.08542945750585752
54,0.1791409780168559,0.10584232141784913,0.11675359192467175
55,0.13598382479072033,0.10342464840443234,0.11789265135808316
56,0.3699305683160917,0.5153190814151553,0.3843930338026789
57,0.5589706772406293,0.5213665937186663,0.11019986516045693
58,0.3569417130507276,0.22311454164691188,0.08707502298948036
59,0.7498357072606868,0.4566729934648918,0.08472168831252057
60,1.0,0.5142776930074113,0.08149521992172189
61,0.137715555932406,0.14223915615364519,0.12425151488065408
62,0.4253953866166337,0.3453823250241961,0.1802077398269072
63,0.70676747749688,0.28360748401829905,0.09867805945618618
64,0.2802013436476153,0.03001850348844221,0.23331751084247002
65,0.14754553368501308,0.5030689320523023,0.1303705158456742
66,0.3531839848658034,0.2553402640011418,0.08646262102665053
67,0.33181814477061106,0.358963932779718,0.1121989864827442
68,0.5489151252586606,0.11428518149939795,0.10439132505224429
69,0.5934978842378493,0.022014315713980118,0.36152781548169477
70,0.4769301701917256,0.367645654028526,0.07885771115558997
71,0.33144198181610707,0.8452163485713649,0.42271535820940354
72,0.16461544208389906,0.14750594704808193,0.13800099452228265
73,0.4176451279520956,0.1121612088591365,0.16670288203847156
74,0.555251015433637,0.14013610616346614,0.09679197556536952
75,0.17964608193166384,0.13770841786905358,0.12324263555470498
76,0.136545616043648,0.224215124881603,0.13138130016680766
77,0.19151694335551872,0.16674097779043426,0.13981063137220023
78,0.4379270089574878,0.2754040704664646,0.15124608549437754
79,0.7225777986523306,0.3604572695022556,0.18445797964174684
80,0.47027427965043467,0.06769896862301795,0.2823843099114687
81,0.4351340194080394,0.27070581263165266,0.11636818014839656
82,0.9668621337546316,0.7258565147704629,0.07450414652592008
83,0.4281043783338732,0.3230092103017286,0.06719981843514358
84,0.4451110963831186,0.5230356933381266,0.06807633780603735
85,0.5014330010566822,0.053578302502291966,0.08473020585300768
86,0.5469990627222001,0.4850747117109129,0.17663748538259252
87,0.5348485817194278,0.11504861175523445,0.18454662651912593
88,0.09581111575670861,0.23810727470671086,0.07136724926625863
89,0.18294280025013862,0.3776599850071797,0.11454002968658836
90,0.698816805342325,0.3558996715194243,0.10073648764743513
91,0.4787351423953103,0.08428755512567719,0.11953280021138861
92,0.5227749931579726,0.04536575749396801,0.10482663297461559
93,0.6347444833297263,0.38908037662078704,0.08598139558592037
94,0.6185023086915499,0.03629593254746872,0.0974652121196569
95,0.5580894510685552,0.24809448908141954,0.10775695098703318
96,0.6312383737408269,0.6086949180400236,0.13905075045176138
97,0.32798897995445814,0.08784977422021609,0.10864262455679005
98,0.5378902421274405,0.44768311615593426,0.14017517917613423
99,0.13161123389861434,0.1404763421126852,0.1511549559050988
100,0.40794932434011777,0.2905017481505285,0.11218228313088492
101,0.382824229896139,0.7289547538840101,0.16983632043192448
102,0.4086923728215829,0.08162800134954584,0.15580408915114605
103,0.42385213205202993,0.6398256619063394,0.19548851922058855
104,0.2694877051846797,0.04462485901002482,0.22344770860944144
105,0.25866989100684973,0.09498632668716589,0.08464875814322918
106,0.742552092403989,0.11744997593177829,0.15823036416172595
107,0.5209691512500494,0.2816969740722276,0.12505819379527114
108,0.1707515011299845,0.5061588010463894,0.21874577350828317
109,0.28901260699904296,0.19664476656944505,0.16069147386795163
110,0.5734023772114576,0.6727271050372723,0.2896587718173959
111,0.7460255674285572,0.042088906224649926,0.058642834568492924
112,0.3420958741107011,0.45524410582982444,0.22761241254500136
113,0.2658027052634529,0.20033577751213866,0.2385773442184429
114,0.5053672302395702,0.14442573734649258,0.10265070725257251
115,0.4520561244284056,0.5852033683655736,0.2195696461755875
116,0.19579222562940607,0.8377573082263857,0.12620513891476035
117,0.23531059814869645,0.056255647117233604,0.3664201529168774
118,0.16964033466276196,0.3101639783678985,0.1188638719017865
119,0.41802003952639605,0.41236130042790364,0.22481370837991568
120,0.10885335976615794,0.11001952087017687,0.06405650868907195
121,0.5656665748186774,0.1516842504570816,0.17137831838551132
122,0.13190115538750066,0.06880635580205771,0.15964430739695398
123,0.4836291683946232,0.4970821681839597,0.28233895233855943
124,0.46420691431518796,0.4588647269211064,0.15365072123852597
125,0.13195470417674082,0.3581678307218808,0.17604083440260088
126,0.24812875157525227,0.11588118348049649,0.2518882151824444
127,0.4137537379797249,0.2821416358332266,0.17839470044711978
128,0.17046465890294105,0.160579951618397,0.17040474508675627
129,0.3606992629772296,0.12639696724602723,0.15859487230819666
130,0.03460090478768272,0.9329370022553753,0.13373575541861776
131,0.49939297682069494,0.47949467055675693,0.1400942537655006
132,0.3931377332468379,0.37829475264690526,0.15787692089570018
133,0.10052858501719909,0.12041516611906876,0.20312020684376716
134,0.23913945242882267,0.3064157878611199,0.09771282698358166
135,0.1160307228102501,0.1893168148961765,0.24333031914417935
136,0.15893547306796457,0.24079645877251565,0.19732915059671377
137,0.611284231889256,0.8170161740983938,0.267763966474093
138,0.16723916234407274,0.14142238481010846,0.35438132613166307
139,0.34785154682238933,0.04693964841073887,0.22903237798803294
140,0.3337781525628691,0.22261527626944724,0.14625710703321815
141,0.629950285879523,0.3562730102075718,0.14151345193151998
142,0.48761691196875157,0.09166900759639564,0.10356211709533904
143,0.2854478476754099,0.11757645627393623,0.1263972422933802
144,0.6518041712610531,0.659270735132989,0.12255290452577215
145,0.40044563045243,0.26478399960647636,0.13932330198719442
146,0.19290258374122582,0.2538322670624981,0.10500017618989717
147,0.12535794956663862,0.2146457876446788,0.17463480110195073
148,0.2696865734735496,0.2671684704093032,0.17140082330376635
149,0.4949913790167828,0.624405338996149,0.23820241102819292
150,0.3086903071231043,0.13501532324040266,0.29120040966557315
151,0.3010303311845453,0.4711715063830304,0.1986535679357421
152,0.34684941773705574,0.10982493299498794,0.20804687723027465
153,0.119611014486358,0.19756609824871588,0.3234015833841405
154,0.42930037771285234,0.30616639847509475,0.18671618211561541
155,0.483002231715486,0.3387741022074198,0.19956012508464435
156,0.14880313347192306,0.06190460996726496,0.14690321018730143
157,0.08950451024899357,0.04411687100618741,0.24628877216698947
158,0.9015548986540856,0.3017255067012724,0.3173146397078037
159,0.5789355680112419,0.5009935733441903,0.36466521806834656
160,0.4095098789011318,0.6125525480347065,0.30090921217612837
161,0.13388291798662974,0.2234729156593771,0.2853638616608156
162,0.3742439697134755,0.3341365198640232,0.24438330759032006
163,0.441316009648379,0.14781122397384147,0.22183505125905564
164,0.3129141128660077,0.4178983374629837,0.1827203063401615
165,0.6346639877683216,0.4540204180502795,0.17214176228888908
166,0.43826193786326356,0.11485356935324732,0.44990399678291004
167,0.13979521335689063,0.25646227577186076,0.14098987038873106
168,0.23000617025975822,0.006430162808541291,0.07902973825249669
169,0.47398953910926356,0.27081548038630865,0.46247330223429234
170,0.1509501066436266,0.2759777658592166,0.1629765795290975
171,0.40111064180749667,0.210562893322943,0.48088151243770877
172,0.4768570281425779,0.3108021786747225,0.21495470674516823
173,0.15268610809061747,0.2028712249581688,0.3231758662238471
174,0.32994891717518715,0.09256921682436366,0.1763786426636148
175,0.5013964637274955,0.1325341633835652,0.16402762474679297
176,0.13688882038349892,0.1510273814713406,0.20968479864538506
177,0.30337897951192033,0.5664885939195772,0.15725639036061922
178,0.23436973342716833,0.5477832381612713,0.10039223041688472
179,0.3129200449342371,0.6110912979746194,0.28028824448734235
180,0.6158209445191922,0.11552912922324556,0.0858082239711882
181,0.08197394360730341,0.07607241271610422,0.18775123248507772
182,0.4130508829515844,0.05353606217464406,0.2901300748365432
183,0.08195008421638039,0.024309614936671057,0.21972336265463818
184,0.271062220791024,0.05758101551156006,0.1627045225539951
185,0.5952249564611984,0.6866454768164556,0.16850321622992345
186,0.15574900948100717,0.2703772394699165,0.35951900790757035
187,0.5290557455496789,0.318432892428142,0.1655641646390112
188,0.281546687078059,0.4137930950823797,0.18020345067378657
189,0.36862678247473574,0.5275976239212629,0.18374756182188137
190,0.12476869434728696,0.14453540621540004,0.19382570798002657
191,0.46686122393414586,0.5193171832731751,0.18488054814574034
192,0.38578756686043675,0.30706511363191696,0.10281814768055499
193,0.2017991083077429,0.17055416195855452,0.10557836641023459
194,0.2812304266194451,0.5254475078906088,1.0
195,0.39042617076324493,0.47958449274228265,0.2590814613968842
196,0.6695819904426783,0.3336823997976033,0.1183334236404576
197,0.41391659424163624,0.6351390639592406,0.2770251941677024
198,0.2824614473297444,0.4212034754537429,0.20106502458641642
199,0.3628810153909371,0.4977403823135893,0.14801292773771196
200,0.23510162829955525,0.1358652637288862,0.23350045515268378
201,0.5178709491868436,0.593669144955072,0.2336368946882317
202,0.22125938201432163,0.24651977070939726,0.1259994982214034
203,0.3597719823469564,0.48528059401410084,0.09801156655745143
204,0.13541311680417006,0.920728259222357,0.35406151079299897
205,0.3010303311845453,0.4711715063830304,0.3238603524495103
206,0.6142337499237026,0.7207861576159521,0.2193729196983655
207,0.3766685515041314,0.5665035000754104,0.2428725084768126
208,0.29880224139845357,0.9446870269885655,0.15446284276418776
209,0.6136136211170149,0.695905253941781,0.19259259892189706
210,0.5615051945621358,0.6236965504517735,0.3160652204963706
211,0.3535069915466573,0.5741744843987758,0.17742953196313155
212,0.31820240791273374,0.5978641948493669,0.2008595004856997
213,0.1926689555525056,0.3635163943794805,0.2982408808126241
214,0.1329098163763094,0.28855722589639293,0.31283475673135414
215,0.3173604231078407,0.3127883001349206,0.22521349024768048
216,0.460539812495864,0.07742778763579575,0.17675437199796593
217,0.4640027363267077,0.5780903742454971,0.2618134009629197
218,0.47563076430050893,0.5950549917735367,0.1676049545028124
219,0.15550946188060738,0.8915190530113984,0.42015479823572793
220,0.502249173331811,0.6110383209674074,0.18631300538300344
221,0.5044835799863912,0.5738954650906871,0.38629295586924256
222,0.7469436627201594,0.8294059999277502,0.2599819898364407
223,0.17912267925297073,0.22160131391982835,0.39162938144180054
224,0.1810363521226039,0.31533004799347825,0.17642929247972963
225,0.5527523662995371,0.5553391175706294,0.1986216405897747
226,0.3100284551291604,0.2524053152142649,0.28246538537386007
227,0.3785789409222369,0.40592220528072026,0.1565470810505728
228,0.39265031804838096,0.22209176356357826,0.23022666867271702
229,0.6401967045133196,0.6879957593315114,0.2358018362143095
230,0.6805372775318373,0.18797172275867896,0.282670559397018
231,0.2085129017137373,0.20473417585708967,0.8190978659243334
232,0.36037909976524013,0.29244217585283705,0.1324418131746884
233,0.17920225119817873,0.4002887446551102,0.3365235439846038
234,0.10193404143404129,0.5518094116508035,0.34248875822100616
235,0.4256265568069759,0.6987026366091166,0.2223344786376991
236,0.4583538192393989,0.6318959196204108,0.4893764340262985
237,0.7014674435777707,0.5601588241836495,0.32505654920630894
238,0.14119320300144628,0.1003935492252251,0.22252383429739944
239,0.5373127050291633,0.46672456265810275,0.1802794959587551
240,0.48274647721022657,0.466373608593734,0.13911970777925742
241,0.22842686077584698,0.22569441861539263,0.11234009778878219
242,0.6905154787320864,0.5887533037386272,0.23867325205173406
243,0.45088901831387984,0.5697102719002914,0.34313439296386317
244,0.22673499198485317,0.9299611547763263,0.22508199803958331
245,0.5546508726516781,0.5162042015991624,0.21718438407328147
246,0.2373293732938968,0.9451119895682345,0.24074618744572474
247,0.08910184571975463,0.14316290436521006,0.16989035730571683
248,0.5313915967154617,0.3393270073068689,0.2412992372817925
249,0.3055540519349213,0.40281236307949586,0.18065364354315475
250,0.32810346326498274,0.2731527641271825,0.19622135705725996
251,0.23445781979532399,0.1646927188286783,0.6861825323249882
252,0.11596131614275713,0.28668390825894224,0.26258016201993456
253,0.3281961045679967,0.11134201278133882,0.2202029714676978
254,0.17521787696882216,0.2770249325787166,0.24075879786832324
255,0.6978551976645959,0.16016357629615918,0.45600494633490923
256,0.7316273302500322,0.28353521561508743,0.23694697130762854
257,0.49047631018754345,0.7164008380994128,0.20915842598149845
258,0.6796726516144262,0.1927842631830797,0.20471213332183494
259,0.445749081686239,0.2820308563705382,0.21351439653890206
260,0.34853264924405863,0.5760171117591569,0.23651363465601707
261,0.4996529570485514,0.5152955048619485,0.31189326758999025
262,0.6209323798271313,0.4326219144070739,0.27928235042706295
263,0.6510868394979445,0.2870115636356609,0.18386916309254958
264,0.13827875146213697,0.14156312604905005,0.29963009848422356
265,0.1470214175819238,0.6563281627074575,0.23914549369588908
266,0.29551274614589074,0.07541307072900126,0.44101741175492604
267,0.4047127662058646,0.72304471778686,0.2464738285589837
268,0.5340717337016319,0.2883233633853995,0.309539544197389
269,0.5138150818397715,0.09565564600670308,0.4292281679537125
270,0.20449043773305958,0.14060671064334276,0.7115282322617319
271,0.6720286510278659,0.8253881996604754,0.24261177563681374
272,0.11124437056315714,0.7820136839015143,0.1766711391816799
273,0.4298936554098272,0.4364035455287036,0.19850787069012035
274,0.11314439392044809,0.3001654023872302,0.29645898960583583
275,0.10135623095556133,0.19423767543387577,0.4016776018343806
276,0.5170206400042343,0.0994306277655998,0.19606186976817705
277,0.1622345045667612,0.21207402968252584,0.5900879672503221
278,0.42025458757736595,0.6164681269601981,0.5180748672394426
279,0.3731664999864121,0.4395526449943539,0.3196309822605908
280,0.11164564053742466,0.27664693620669306,0.32568380489344534
281,0.26226863954504104,0.5533276421508588,0.39935088965742543
282,0.22500335472758645,0.049296425833159074,0.1358975925315579
283,0.11334421360551943,0.3894952531909577,0.21040093414599453
284,0.4352370958260041,0.7689472125882255,0.14341833178569363
285,0.39234089341760986,0.12521391562188974,0.3997987347649914
286,0.5929915280327475,0.6396916187187741,0.3297178583436734
287,0.12047811871469734,0.1328705178427459,0.2804604230009619
288,0.4314894419767526,0.14604142607484394,0.27924885982387904
289,0.45971337132027834,0.36066614732706187,0.38370072342212347
290,0.3724264603657786,0.6473443993085441,0.34897772623491513
291,0.6441674025573505,0.4254101830264697,0.28743838156280904
292,0.15145059292084934,0.47404494450142975,0.2210095406835062
293,0.18736734096606825,0.20677619061112212,0.28890666577302654
294,0.25683960055349675,0.44235292813108157,0.6290211931524006
295,0.137424353338392,0.1916650307925898,0.24843389888380984
296,0.5917820536649178,0.23561937360458404,0.270821116712314
297,0.6791558485859249,0.8078724959653284,0.30252539537342726
298,0.7180093770820943,0.56780312820086,0.3842467924557376
299,0.2742410040025846,0.09204410557873145,0.2261256905993868
300,0.37410042844709457,0.09257059376760675,0.20525254992867392
301,0.488423283418873,0.4401476547378356,0.43616166859843325
302,0.40733123085439166,0.3174921192465612,0.3045405475199115
303,0.1906215045223198,0.22168645572441195,0.22207899525449146
304,0.1852258762213946,0.1257984181665738,0.32306670761850437
305,0.3533567517065845,0.5576866447156722,0.18190549207830983
306,0.6731802904314286,0.42942725232366863,0.2657201782173875
307,0.6503826602086997,0.4722576683367566,0.15715575614504487
308,0.2882004853809563,0.30438410306483854,0.20511710716293244
309,0.5549347648466153,0.7103285530591709,0.42517810820171964
310,0.393582920677137,0.21018240928574897,0.5345618854102713
311,0.053839126207938084,0.707105537128439,0.29438362692008335
312,0.5801268364896716,0.47115712686966316,0.3786507704856786
313,0.21720898226136762,0.24498208343842995,0.22475396666054243
314,0.25895710611721623,0.4049756071877225,0.2348899298628808
315,0.24336218755980457,0.703798023108867,0.36727176501194503
316,0.3798376924427638,0.38816737623128905,0.2409843944123874
317,0.19919107675863165,0.19010113423448027,0.1702366822913194
318,0.4966731240714529,0.1685493134621266,0.1455206222565783
319,0.656991060062335,0.6776042699549351,0.9361235151261621
320,0.15537924070443124,0.1307733162004941,0.12200661926999665
321,0.3826632991386676,0.6712504176099279,0.17093983197820212
322,0.2659551593159708,0.29767400375398834,0.3035962640862873
323,0.40410729752558394,0.019443550968048624,0.2854153558747057
324,0.4244014782989944,0.69900172070165,0.25129326885332304
325,0.20748517300331867,0.12309397019226889,0.261295748335998
326,0.1402361427158116,0.5639764893836231,0.25772247314507846
327,0.21646011359216674,0.0852519760677712,0.3247213829748211
328,0.10710170324033043,0.2194905423016219,0.35495163434211907
329,0.12936739188692556,0.5919270265118199,0.2194688372150691
330,0.2378276554622085,0.21096747291093992,0.20033255120066587
331,0.10741182144979872,0.5129048546883752,0.15506725439693583
332,0.33481526658057,0.28199254139278324,0.24148430618711042
333,0.4907424012019585,0.5291085419355298,0.15144416976986952
334,0.17211624781386792,0.22209699939617986,0.23024202005177033
335,0.4817421379011206,0.2782930068950655,0.16413737757596847
336,0.2524155904999817,0.10638092968099161,0.1692075121473821
337,0.8396324210131049,0.021562951322833538,0.13897576997704983
338,0.3516951307895899,0.48955627277401775,0.3880492278579963
339,0.17339675777748326,0.17989200896021357,0.3341347256152863
340,0.615524582776314,0.46721112178520363,0.5645880797320616
341,0.070741072788333,0.21963976461734744,0.2843934623828057
342,0.07763328750992571,0.4713620474959565,0.25350088180448155
343,0.4934982594840597,0.7692657009124947,0.31187942976475036
344,0.5624486513585878,0.5232306947233726,0.20019923687239652
345,0.2051404675566672,0.6428036918620484,0.4771321615109545
346,0.43453401664722296,0.5779508706474648,0.4682540751569568
347,0.6367652152628228,0.8623666469682487,0.347184401919378
348,0.2686096373548605,0.6348202715783281,0.34735471431499443
349,0.7335849884385376,0.9210897053367116,0.2635031781054609
350,0.14514124854271004,0.405114986877612,0.3274372169561096
351,0.6142839629723567,0.4340628716767,0.26972823437042986
352,0.39169546784526926,0.3567641700224676,0.1626588190910428
353,0.17010876451155907,0.5774594841377154,0.27321144499184424
354,0.17314254760566794,0.30917580126186256,0.31723118754747426
355,0.48422044174056655,0.6884526984246593,0.4098980065029902
356,0.3482559094422843,0.680727014635155,0.21366700569890934
357,0.3389013607380062,0.42289327689083867,0.316087803572049
358,0.329266905269497,0.5616150239351574,0.19586244581323806
359,0.345229797765702,0.5358727602611886,0.3195764219338888
360,0.43087011402327974,0.47042882152260485,0.21685815145134446
361,0.23827576645567206,0.5053643871210746,0.2492341213376101
362,0.2756612507135766,0.7862874696607185,0.2852113197353477
363,0.2916096964823348,0.793268155811343,0.47152025893084915
364,0.254367550238424,0.41918429020573356,0.2255324311764184
365,0.7103351568533497,0.29116337455930813,0.27210045291814117
366,0.41532873818434124,0.6247427034149219,0.27161169705633187
367,0.33979159770254597,0.5244594532703565,0.4263692084475539
368,0.2668491005794902,0.49877024909968903,0.379901799558987
369,0.3663876747999861,0.4074619179440546,0.5036179787008422
370,0.4843861298793826,0.5686068979794379,0.3176164060665305
371,0.46295128703178084,0.5787511521261796,0.4070799639722758
372,0.5446156233438132,0.6989052074502135,0.6059002286161992
373,0.3011644832838555,0.5740960016995186,0.2393660068966152
374,0.23976532407691137,0.742389864656398,0.5355378095940199
375,0.11370698702964016,0.5764977506142689,0.4536544412890644
376,0.43002357228081234,0.7145508522966735,0.5636174000201836
377,0.3116012737605955,0.6167358257138784,0.4320519403405729
378,0.360419369069559,0.40847240368640864,0.33327254750505386
379,0.1491496379225501,0.8694442330591863,0.2424276347130245
380,0.1435293731962997,0.6717708333290183,0.39786618559410386
381,0.7324797532611008,0.8362786795023034,0.42251196288572035
382,0.4223178219886642,0.6044689198361959,0.41721162730010286
383,0.13597563767842377,0.45561742748886325,0.3374722855426836
384,0.33401917447955715,0.7933562118037769,0.4527153394716151
385,0.39374964895068765,0.6269925653743492,0.27551106357539495
386,0.334202434702318,0.5020855129397951,0.665046593350346
387,0.29087124773269013,0.677373687973809,0.4199003329572118
388,0.42691059744241827,0.23288301887608162,0.2706572558407009
389,0.2820000871101337,0.5541630626771827,0.5866238474521871
390,0.45649255674542333,0.5403819558701155,0.361514681189306
391,0.2541166713778936,0.7181623992202,0.31459917900506423
392,0.28004575810199295,0.6456244178924425,0.40234825712208366
393,0.30454536424973105,0.6974664051272425,0.2811310820771552
394,0.2687108735743837,0.4270279188789339,0.36473734545448394
395,0.323765645723023,0.5369349591561519,0.3747827713993978
396,0.5424248772779956,0.7492940859933038,0.3303986711054104
397,0.4715049462851787,0.7149209392439653,0.5496341927511514
398,0.396287301081952,0.7374487175827716,0.4296302512014705
399,0.3076968895846216,0.5399590502314586,0.5694388218115952
400,0.24871169639557764,0.5771124496927887,0.3388241343328628
401,0.3846143990470472,0.811955999169826,0.3250853039311442
402,0.2507518789932919,0.5697257859268403,0.2882554795289928
403,0.15058763775818015,0.5015951691241899,0.4233041360541002
404,0.4343222458059989,0.7352382989054184,0.26506057924556686
405,0.23670890175192338,0.4919883393913948,0.3487086549651328
406,0.3601326550168209,0.4672985879019368,0.3250948730530061
407,0.43185291936196396,0.5192107954475452,0.26849208979335065
408,0.37685492500490314,0.6671419402396558,0.6203669430743399
409,0.2490391823973874,0.5968260750393491,0.5691841996587343
410,0.4305245404813987,0.6386897986281814,0.5008560933465648
411,0.5509961181667602,0.5734166713981702,0.41651698701597506
412,0.4994748159846074,0.45378114876797077,0.5366452586618582
413,0.4862028539537343,0.5053419797700393,0.45932786014393173
414,0.6063514845114948,0.30731043475213793,0.43210065822609345
415,0.6226861017878939,0.4278872284761448,0.423032380375562
416,0.3848192948748371,0.5468922116108168,0.3847882948605907
417,0.19016424685469746,0.5974408124526995,0.48841733173361485
418,0.32457217886298634,0.13035984252077618,0.5780515308640631
419,0.20038188926095457,0.7930785145816706,0.3749846199927379
420,0.16575222227771771,0.5768414577659826,0.4899349617036575
421,0.5191599230010273,0.29902740738170946,0.6164449541294089
422,0.3907206559563175,0.6742863651642534,0.4581888548924097
423,0.25212597875710907,0.5657509031330051,0.44773786097491386
424,0.14969857872900857,0.6758837483580917,0.5180960336425027
425,0.19618919594115256,0.6736031957321722,0.48857561700326846
426,0.4627272066081262,0.6489586688669743,0.33486241395764765
427,0.214658684757379,0.6951860002407824,0.5684639918550813
428,0.618257182846637,0.5975775860373211,0.5497564630481674
429,0.1488205063395468,0.3689323773119244,0.5563900489666692
430,0.5648900253050521,0.736973458609539,0.48914222679626057
431,0.5459453443301647,0.18802700692546437,0.48388371004424324
432,0.6544785464138451,0.7203013125704648,0.5875849405186285
433,0.3288105228355617,0.2838553036251836,0.6185291498695817
434,0.3386270428976421,0.5317159003556357,0.2804755345901939
435,0.17843000650243304,0.8353567916857546,0.4865769945509301
436,0.6955827601443932,0.6027881034928101,0.3800274770684581
437,0.24923845689470955,0.5712096184780902,0.5291074385629632
438,0.48523098947629045,0.5567002727728801,0.30441303601512576
439,0.3861443217342884,0.5342966875381195,0.5421972174119902
440,0.2390713114779583,0.384233746084667,0.6309752335182855
441,0.32632407477521147,0.6833870533289597,0.44174712670429017
442,0.1459913317211315,0.8722472640080395,0.4637785354329768
443,0.3094670919789189,0.7380905643347305,0.5209303092802031
444,0.19411722648151092,0.5096454429928037,0.6072414273940645
445,0.7004498097163322,0.7404770051223559,0.6269444821466509
446,0.2679196717247946,0.6714453874035683,0.6231307653610964
447,0.1466924987118917,0.6865308839031558,0.49328124318055117
448,0.3380992271451388,0.6837172312316211,0.45628857562690806
449,0.3752143767259767,0.6589523154648991,0.6641967743949395
450,0.3567721861111737,0.4171283618777358,0.40819858671622583
451,0.16517558795583934,0.4226603177416403,0.6119908696782346
452,0.3368736425613507,0.5338183150263661,0.3628336035911505
453,0.3289400676678069,0.5962369882144556,0.5673698293768353
454,0.28786301749611715,0.5976939707744443,0.5203837062237486
455,0.600875131550323,0.4271961823434048,0.4899291161357007
456,0.25391882945788435,0.6455451342966474,0.5166776605785998
457,0.5214539334163849,0.7071371741041691,0.5770838458966908
458,0.109459607031536,0.5625054198661991,0.2848163292920538
459,0.34192712686295723,0.6828549557470203,0.4109557221885844
460,0.5294581484104764,0.49277951066507486,0.23876463979660642
461,0.6000770498380857,0.42734704414812286,0.49483327402591615
462,0.19250279509053564,0.7124961252600341,0.49084654204168426
463,0.23943290417518676,0.5009564948716612,0.39203014124940827
464,0.6124534620683731,0.30505003151321175,0.3467817683544214
465,0.7990555551459032,0.5388060220592054,0.3821461083177113
466,0.3574970147587217,0.4598094524494293,0.5038396509890223
467,0.3379506733839506,0.4605096032105923,0.42469063785169475
468,0.36645524164095683,0.6715392474559093,0.6693378922525419
469,0.18925247066477963,0.4641078470575782,0.5473237652253511
470,0.7156306443278557,0.6026631104079468,0.4084209359526384
471,0.28131084358859965,0.7664120489285526,0.3596438154153434
472,0.25437817926686107,0.4227669787767857,0.6448327616011426
473,0.31819096625473664,0.43869107476195807,0.2958751356877886
474,0.5668526180379836,0.40474927656148696,0.4347258844010655
475,0.5272675808906658,0.45669892454464517,0.788529658967944
476,0.2695083524228313,0.503455989405075,0.11378073819187338
477,0.4446321257758484,0.3644944217422474,0.359535581342342
478,0.5092017746905934,0.5593844891662096,0.2502492239188292
479,0.5124630479972929,0.3217459759615864,0.5599659011501564
480,0.34731184351627886,0.5902628852121986,0.37897753619359353
481,0.7848951453042494,0.607419707105131,0.4101615041458388
482,0.7123345382244488,0.708225525708356,0.43400775675864994
483,0.24008304823872176,0.7616478375526083,0.6106100223248994
484,0.5745917408305603,0.8343111136089629,0.6342622448075178
485,0.5698266023779959,0.6097637065908746,0.2959550110739584
486,0.25577457832116024,0.35031300784759817,0.639827662153762
487,0.23953929176761202,0.6789438483534237,0.3451821807234261
488,0.672618705444981,0.33172748871080804,0.47078430992791565
489,0.31181030403927273,0.802095809151665,0.25108781012800946
490,0.4203171506315469,0.5597767711179815,0.32192670752382835
491,0.3235694712365596,0.43814359620608573,0.09907655645532376
492,0.1362349572467302,0.45884007701731233,0.29054400012987514
493,0.7699555152596566,0.613281401189024,0.4172848390853994
494,0.3293919580982487,0.5237419395786569,0.46532247858549136
495,0.25300793801943317,0.3466249651017098,0.622612423799127
496,0.5963896612745265,0.6364713149979456,0.3635190232392355
497,0.4182449193145484,0.7481945869479725,0.5165859385615695
498,0.37185264262060014,0.6020760774941915,0.3587617666764488
499,0.3262708008542516,0.6788847515570833,0.27652920889464805
500,0.7261626501318434,0.7394148806111608,0.08069650679668593
501,0.19643608823870895,0.46058128186802955,0.44875865975224166
502,0.13781167003579242,0.7568934400745333,0.49736800537379305
503,0.42965085523766944,0.5507848120717119,0.43690460639755
504,0.5643863664544784,0.5138538582349105,0.2731427368786978
505,0.37106470749389325,0.5533436338330951,0.13292607167555223
506,0.36344767931033717,0.5989612180072871,0.5698042063914288
507,0.4113113843482977,0.6708722460592784,0.42645989171475424
508,0.341753727457067,0.21079412000650008,0.30663046108344916
509,0.3029318911454374,0.7168372546568452,0.38499316046994414
510,0.11877589663899346,0.4426446067876486,0.7319467543166491
511,0.2772526790912187,0.6326053965113605,0.5112009072968481
512,0.6595752781587253,0.34309496690891944,0.31213159761507986
513,0.7416737799017887,0.855802624342587,0.24900094144954735
514,0.4835778896455034,0.3206139885491857,0.3290703532140067
515,0.19333768746803767,0.8109150266384677,0.27569013346450305
516,0.49684700112681185,0.6687489180582237,0.2874867382361689
517,0.6969872868241928,0.8498732737180401,0.32885025168551596
518,0.5554102363850693,0.778414460338293,0.3072205063248722
519,0.3775456064920308,0.47101800360373747,0.609975528773498
520,0.25269428916834796,0.6441107203219862,0.40377478354077045
521,0.4399343161542466,0.6947352868934971,0.2983628544780741
522,0.3575389813422884,0.626558439902313,0.33656916455087604
523,0.8570124971638226,0.6024056314519037,0.2987638220495433
524,0.45799905025812976,0.6908279252844092,0.3387780798794873
525,0.5736854300634384,0.8985837203123797,0.2285518460829083
526,0.6970168816548215,0.9585042583922135,0.3050571297088646
527,0.5993919489740804,0.6519128065403502,0.2816092893851858
528,0.675958485799745,0.8965033839075718,0.08573294127692001
529,0.30809501659024907,0.8175657151517931,0.4031743554302993
530,0.18594825169382787,0.5530326661860019,0.4180129397335401
531,0.37488854419577416,0.6110184353663828,0.2608526172873707
532,0.11121476049604466,0.6244075161334685,0.1184011879885934
533,0.6672120154094163,0.5614256637495793,0.22207303168410486
534,0.7267472828189003,0.7998327551433057,0.24872614627313086
535,0.33039719997759265,0.7201230387718299,0.24123634381950476
536,0.14224836363525803,0.6433191398548166,0.09060108806061869
537,0.4094386471002601,0.6716484283627246,0.44667169517444183
538,0.4338998493420011,0.5778885978183852,0.07517317784506453
539,0.36730409496215605,0.6640808650687702,0.2919285877888786
540,0.8132437272122999,0.5913174541264179,0.22723153830022186
541,0.3578687316235888,0.655069927322394,0.3777215386867507
542,0.5867143331354474,0.6149101033878271,0.07119084652287613
543,0.2769143328462962,0.5869829002043625,0.3731365405089678
544,0.70504396753854,0.3866334612517469,0.23538763710661884
545,0.2967090183702309,0.5455045687394087,0.417921938323677
546,0.6951797719577646,0.47560573075325613,0.21112627762073533
547,0.3670124983382749,0.6291510105430261,0.2838544836739674
548,0.6963120935518771,0.31276330178771633,0.04916297852676375
549,0.6947818164190412,0.9817784179491523,0.34214590337509454
550,0.32392170281848703,0.759590616359493,0.3455226247927899
551,0.23264859124543374,0.6484884830566234,0.08281200588454196
552,0.2688274303426244,0.5494958244217628,0.3605185286627945
553,0.6767427712106215,0.32928808077599037,0.3434146128830032
554,0.21764767808303062,0.48850559404126626,0.0730689999987867
555,0.6536468789996611,0.7694476877532783,0.3170256691770506
556,0.3316267931878505,0.7719090233483042,0.298445705136327
557,0.33566729339733226,0.7593078776893218,0.28128362492961534
558,0.4894816028207866,0.5648124901722155,0.3437050362980713
559,0.34906759029836776,0.667793097031904,0.34149283258596724
560,0.7333236890218843,0.849125689912396,0.31601694104730504
561,0.4177618131228297,0.40846856541867205,0.4379541185262216
562,0.4952089136220842,0.6169643879892015,0.35013599973681553
563,0.8520884935174685,0.5161332852949777,0.4633115692305125
564,0.3836577246531931,0.6933992856833162,0.3788660614768866
565,0.5615715191338546,0.6933272526630848,0.28420806968471324
566,0.24167577798408424,0.7161979790192805,0.3583808422247021
567,0.15429786246012617,0.5243513830633598,0.38432696855851106
568,0.3710191148086667,0.5469176095171456,0.2663458820645757
569,0.38081266156773125,0.40828508304456873,0.26906445999866135
570,0.34339028178390896,0.6356251176748682,0.40511142540660905
571,0.45304419510027455,0.6539452204006042,0.5561588116301506
572,0.33179842962343625,0.5002534007745495,0.6174479721617856
573,0.32329741789173355,0.7383224321387628,0.3524157395361781
574,0.19918326330996328,0.5225243103263449,0.3789252870621976
575,0.23296910003529242,0.9450421170700772,0.333114815421399
576,0.3623765043745133,0.8606742875317025,0.3751027553878502
577,0.6919492188176738,0.7055449662118802,0.16836206296420528
578,0.30451890750521865,0.4310333861889524,0.18818530593455954
579,0.46408940982245833,0.5846549355245063,0.39258141107225747
580,0.37373752439584623,0.7515492169122988,0.6383870398649999
581,0.34018289683053055,0.8057529587634629,0.6295109596323045
582,0.320294760834522,0.7760301266267212,0.50934426898263
583,0.4182700979414667,0.5315528617114397,0.38837010413489076
584,0.38386568433461554,0.5701907215339127,0.5286017829650305
585,0.362601911636811,0.5567100142955976,0.14118154546107295
586,0.7206972587473225,0.7434332929260871,0.13112846012299137
587,0.3604629172180822,0.5895650564483033,0.39195990465874586
588,0.3187553637379855,0.5607328346136377,0.0984866730029302
589,0.5594437446300442,0.5979294593726676,0.2506185450747078
590,0.20728948533612385,0.6294653637036053,0.13963697576898604
591,0.38464132302534815,0.6708060675709634,0.49067415384092716
592,0.34209398415001446,0.5132998941178208,0.42202820708767946
593,0.23563385373648169,0.2973716722983951,0.31202832797102514
594,0.3541085511291469,0.5452928692684459,0.1063700196085131
595,0.13145522606715423,0.7615376961784206,0.2524800432039304
596,0.47021379369639743,0.7309374971808003,0.5314209748817451
597,0.3097699981337818,0.6717140063489279,0.1999715225746279
598,0.28040125077016254,0.48045127423920664,0.17269484674461957
599,0.36197556563998246,0.5796807696995366,0.4035954062337055
600,0.3222169407090354,0.5744257087445237,0.3010633630457311
601,0.15009073792888408,0.5375182301555789,0.2873784031204869
602,0.3577547043882767,0.6424409799373176,0.37619271566285384
603,0.14491508692919722,0.7524639237387039,0.08672899301784459
604,0.34258343020049165,0.7582481429643199,0.07738362197684208
605,0.44799785583427926,0.39342658537879216,0.32827357151909337
606,0.15377529023213563,0.5116031656149952,0.4797709634309693
607,0.5640063703643553,0.4754135787073342,0.34554206575329954
608,0.433084891286526,0.56444077289796,0.0642732758653595
609,0.1691009207878105,0.775657812446593,0.06069270720912955
610,0.5207276961475902,0.6833775410027858,0.1094546899095645
611,0.4761336214667565,0.21781700087385136,0.08374558481618814
612,0.5592238762261518,0.6745995211844583,0.09041702677926627
613,0.42005676718048096,0.5701370501291222,0.879454967549368
614,0.3392211805607177,0.6019135014429603,0.11883809123325095
615,0.45559877978608726,0.30288150977968853,0.09049274267983351
616,0.699637683028402,0.2741246782220448,0.07346402524423945
617,0.48884889599175124,0.6464556969595904,0.3065175520764759
618,0.5542588034922108,0.5518676263584151,0.2638992909913372
619,0.20854244033796873,0.8114980432151285,0.10080217560629412
620,0.7169270760325548,0.5325402705341581,0.09163099129703041
621,0.27391771166915413,0.7189732931852516,0.06223506848473945
622,0.4097162277662444,0.5348541275127647,0.2426654004003838
623,0.3196000342723742,0.42616374949380204,0.2650023346300781
624,0.3592684660448367,0.6250819686657744,0.10578793265851731
625,0.38387456721488905,0.6016379626170529,0.24979844601693282
626,0.20108966953883448,0.7255774976452654,0.09925859273377995
627,0.23159922572971742,0.656515849884745,0.111530162761883
628,0.7311674030242853,0.906884249452279,0.1269169362396161
629,0.6043197451375373,0.3533887102169528,0.1448519056829389
630,0.13845874754743673,0.8757336808572198,0.04163444999002891
631,0.25474888855343986,0.6545700281647059,0.1253622934450984
632,0.6040972433409473,0.5158012864348247,0.08738588439060531
633,0.5577471300902902,0.6926436310674812,0.12056177632582249
634,0.8504206258598391,0.6519660862225604,0.11621023546077043
635,0.569113081580585,0.5905659420836744,0.08641775863936892
636,0.4086637314412053,0.5670185318008001,0.04595539312820532
637,0.32483982862411825,0.4127706133000176,0.0370356206289105
638,0.3124032685690624,0.3549051600252572,0.049844847696045254
639,0.13054296872718082,0.3061645818778202,0.09014924235103138
640,0.4612475574942616,0.5645380459975611,0.0491553900669787
641,0.28088261695156563,0.4867096727190969,0.08146405496240083
642,0.129621537951406,0.7311080232863084,0.10041519102485634
643,0.3889865766591223,0.4951877710333343,0.04867152399664863
644,0.36183033408755594,0.4930898213408943,0.06830332694767448
645,0.22840621789958787,0.6037659031583705,0.029668290580606098
646,0.4583818348923171,0.5794189576969435,0.03497009882911865
647,0.2726047062880451,0.4140013618923434,0.036655404796787146
648,0.3238883582537088,0.3693469567340348,0.052486300959482285
649,0.21206158794562693,0.5801515290055105,0.03463097201536706
650,0.42264176575009355,0.47975497525555066,0.15708197393755627
651,0.5686548795888371,0.6480803878434844,0.10767500565372772
652,0.6222040780154501,0.8001383178530282,0.1269764583121251
653,0.5443045376748653,0.5626397065539758,0.1687514547192909
654,0.27293948563354514,0.40132021345412566,0.1208190359137277
655,0.188289913867942,0.2713340612087893,0.2357934983869253
656,0.38284522869594345,0.44310557983313537,0.031476723488409006
657,0.09545189289702657,0.5809418729662993,0.02340885312548815
658,0.29344382167890976,0.6567169996653645,0.10512857182567277
659,0.45122629314039553,0.2935764193665558,0.18755942054458183
660,0.35315569162076016,0.4410076286196441,0.037308271185782615
661,0.24322260267516915,0.4358013246335408,0.02986449765373292
662,0.1451315670190737,0.7478877282063265,0.10946153477236792
663,0.3112755818601367,0.22862769289950313,0.11972667126740125
664,0.3557715840820496,0.5001058974250977,0.023204972597466927
665,0.19385995083761492,0.272693459213609,0.023648934490415642
666,0.541433043933197,0.3866030106917024,0.021511990470618716
667,0.2435352053986177,0.5070548811197896,0.018930551614144607
668,0.63576630604783,0.822469290105126,0.1108709804160071
669,0.6639406662087389,0.9589244347584939,0.09422506869173043
670,0.40135946913801146,0.3932117665603124,0.021094463843396347
671,0.22539579825825612,0.5732742268864031,0.019372466794956297
672,0.7097697090648611,0.7413055433499094,0.11510899256097219
673,0.2815175372729854,0.6164444335449663,0.01874932564144063
674,0.23943294437307544,0.6023873041896461,0.02307343968897771
675,0.6078997398062332,0.5839712787844134,0.14960738882344599
676,0.16813354009228118,0.7673079758174071,0.0871279934935492
677,0.47081942068156396,0.26212304081210963,0.13917567660583768
678,0.15389565665265273,0.3219283707073195,0.031521443466232674
679,0.29398145773251455,0.39070730280242755,0.09503397348878379
680,0.3427760965234267,0.6177596433815894,0.017714528834173463
681,0.4126191433089614,0.3015501464296888,0.018578652191938168
682,0.6220820993406397,0.39512779927428204,0.10821849074918573
683,0.2855064621221921,0.6503973334094416,0.08696414145856227
684,0.29445361845228435,0.5673464446018381,0.01904524908558941
685,0.27183433551820535,0.5872666972485058,0.022968673729055325
686,0.3310032448167881,0.5944483270997106,0.09907014591431237
687,0.2806630623003037,0.5485974581693829,0.02212874372301159
688,0.265656048155016,0.43985788716918395,0.02432773130739908
689,0.3793820448886416,0.3964199960759441,0.08882187708548288
690,0.128952707303883,0.7430703049426386,0.11203646611008695
691,0.23532678864005305,0.5920350515635803,0.12091943738789358
692,0.5384750967298643,0.8134591375802281,0.17607832997658654
693,0.5499757054827658,0.40978088278647185,0.09245515548920104
694,0.30044322073308644,0.482285246213139,0.028191314389907858
695,0.48395190379392833,0.7617306001768206,0.09680795884605745
696,0.19488769032876205,0.7289425759125897,0.024724861877598668
697,0.6383268763944827,0.8328450011717307,0.10451033582659489
698,0.31639546604289465,0.41798207865631815,0.15166919014004523
699,0.13148549933932668,0.5327438779404199,0.02415685545841215
700,0.6615624654342336,0.721503877068468,0.08977736224186432
701,0.7808701972504891,1.0,0.09443825566543487
702,0.6086949752467217,0.7109157822481577,0.15410678487059454
703,0.24329886477650192,0.6079685377211581,0.07291804272454729
704,0.5460693751258995,0.8000825343630265,0.11969253724123592
705,0.7639716688366035,0.542950259529345,0.06976583467145042
706,0.6126401581826443,0.5827397015299121,0.13248231970759847
707,0.7383279200693205,0.7014982261782952,0.02861996622886069
708,0.5813011136611618,0.6711645154243925,0.033670548504541584
709,0.7755257947669424,0.6975559060965442,0.09932811808840009
710,0.6492686852186577,0.5425044231731211,0.5155308120060268
711,0.393319307111684,0.2760180112244514,0.14625673028862343
712,0.1877131897638595,0.6197033845687439,0.024365335059332287
713,0.4270864955281231,0.6227391033766271,0.09412784462830949
714,0.33643696760985925,0.5966764480437795,0.13174793297182422
715,0.24256133364339263,0.2510018783510298,0.1450827033988561
716,0.4530563699825182,0.2076177136446936,0.08534276670520906
717,0.6007200697332904,0.3852490746686321,0.0772914728915195
718,0.3933425796192574,0.3406119936069666,0.10803725216328494
719,0.8075650790362732,0.8178897086226767,0.12179075685901355
720,0.16045465603462233,0.6817848620455221,0.1662336997128286
721,0.17745040640185109,0.6044552531698113,0.11888605083389467
722,0.5659950822729918,0.10955562854721605,0.08858766628631687
723,0.422486596253457,0.1601540611829482,0.07494763791262403
724,0.34132920497835484,0.5611366119529275,0.07837381564577268
725,0.7180980434049068,0.704224193552255,0.132432794044728
726,0.34763072152167684,0.45068803816708697,0.027618308353008172
727,0.7651782856533912,0.1957070807365937,0.06133246738307229
728,0.20285306657510047,0.490522738871444,0.16610506540880518
729,0.2889688025854049,0.5187653823674846,0.14227724866505193
730,0.36644923757260917,0.16489468548482042,0.06461797978093135
731,0.3851204905687452,0.34558517707942815,0.03450459661800302
732,0.5347108781587921,0.5834910032469138,0.11631236360567727
733,0.7712373081002452,0.9373116386221813,0.07285634712465545
734,0.3418381123397659,0.36389585581874634,0.06811421802186703
735,0.06612645476150407,0.00271824630094094,0.05349597676606472
736,0.1722701131099365,0.891071272823243,0.06994124786098936
737,0.5107241650970189,0.9798403763875837,0.11708648163859177
738,0.4630136234161533,0.22354505852961637,0.07604140504941753
739,0.3876759422214032,0.8591053986323364,0.07782681381226571
740,0.5835318026734061,0.6093680030788686,0.07615332539970306
741,0.6578116687818351,0.8285787662707691,0.08270451302366326
742,0.24130790705688723,0.2121303126167429,0.06586568983245915
743,0.8739492086276599,0.5918832715879935,0.12142096546566865
744,0.4109109461461959,0.35276857386892324,0.023374284865962262
745,0.7248105418155255,0.3882859889929038,0.05641559529872354
746,0.30706951997955195,0.48319203822823753,0.1271520724809705
747,0.7280412664956624,0.5084177374446082,0.11986303119371237
748,0.1723333737945531,0.7020826176602741,0.25840037521832976
749,0.17858334899832437,0.29659395951194173,0.023176395153914203
750,0.7403039395697604,0.7835896905603356,0.12820906136310622
751,0.7155737087269703,0.9168649192381336,0.10082882113979888
752,0.45556346821692867,0.8230961836835629,0.12004014090437078
753,0.3886207563814575,0.11722735989615858,0.18193430058430946
754,0.1066846295587864,0.6164953826970685,0.09140239981508341
755,0.7436999344213884,0.25148892016919694,0.12108885391749151
756,0.3540181192599565,0.4131042389225019,0.029840611819351097
757,0.5797093307096369,0.403398607398711,0.12466560668103117
758,0.13869422273749304,0.6370924903082428,0.12048493348490956
759,0.7912426677976834,0.6794251807599675,0.06679056095359076
760,0.32129734462863163,0.8793453221460615,0.08213027922704115
761,0.27641354841978116,0.4270868880898727,0.10353657540855676
762,0.6001800948710926,0.38717400283649356,0.12022647517481862
763,0.31194398028360626,0.37748078371479493,0.023064843748558873
764,0.5610314391590081,0.7396417030657052,0.05727152090145847
765,0.4941793083349205,0.7167194861902015,0.1522540368316598
766,0.7310742993918414,0.7842646847123823,0.11462803922383555
767,0.7490114020405819,0.9255638093246945,0.11252396535711037
768,0.5406727437370313,0.361615332662667,0.03198580455309138
769,0.44404925799339234,0.3956882187808737,0.24887584912542834
770,0.6755485518237576,0.19328665214366605,0.032423966259298165
771,0.54342760732703,0.11311408040045132,0.11417641413843767
772,0.5293878371854144,0.04393116095140495,0.0742699270595061
773,0.34523473743875,0.1312941885835066,0.11258737197777806
774,0.6967065858082789,0.1358764792420746,0.08268135129618079
775,0.5712467078462409,0.1985650999911212,0.08934481644217328
776,0.4313963698949003,0.4197714462805124,0.06733870401799288
777,0.8152367341109121,0.8629954064350152,0.12332614137525101
778,0.14272733819870093,0.8703333987838189,0.09469685855599604
779,0.7846532305601669,0.751155599487073,0.08551116322448123
780,0.34544570071057706,0.36755750681387767,0.06347220363054297
781,0.3878668363304033,0.3897401520268505,0.09439717838143967
782,0.6242258612800862,0.6602769995369551,0.09263274514066568
783,0.38890849659883425,0.4874862106639887,0.23240265163796106
